<?xml version="1.0" encoding="UTF-8"?>
<project-private xmlns="http://www.netbeans.org/ns/project-private/1">
    <editor-bookmarks xmlns="http://www.netbeans.org/ns/editor-bookmarks/2" lastBookmarkId="0"/>
    <open-files xmlns="http://www.netbeans.org/ns/projectui-open-files/2">
        <group>
            <file>file:/D:/Lab211/MoutainHikingT4S2/MoutainHikingT4S2/src/sample/models/I_Menu.java</file>
            <file>file:/D:/Lab211/MoutainHikingT4S2/MoutainHikingT4S2/src/sample/models/Student.java</file>
            <file>file:/D:/Lab211/MoutainHikingT4S2/MoutainHikingT4S2/src/sample/views/MoutainHikingManagement.java</file>
            <file>file:/D:/Lab211/MoutainHikingT4S2/MoutainHikingT4S2/src/sample/utils/Utils.java</file>
            <file>file:/D:/Lab211/MoutainHikingT4S2/MoutainHikingT4S2/src/sample/models/Mountain.java</file>
            <file>file:/D:/Lab211/MoutainHikingT4S2/MoutainHikingT4S2/src/sample/controllers/Menu.java</file>
            <file>file:/D:/Lab211/MoutainHikingT4S2/MoutainHikingT4S2/src/sample/controllers/StudentMountainList.java</file>
            <file>file:/D:/Lab211/MoutainHikingT4S2/MoutainHikingT4S2/src/sample/models/StudentMountain.java</file>
            <file>file:/D:/Lab211/MoutainHikingT4S2/MoutainHikingT4S2/src/sample/models/I_List.java</file>
            <file>file:/D:/Lab211/MoutainHikingT4S2/MoutainHikingT4S2/src/sample/models/MountainStatistic.java</file>
        </group>
    </open-files>
</project-private>
