<?xml version="1.0" encoding="UTF-8"?>
<project-private xmlns="http://www.netbeans.org/ns/project-private/1">
    <editor-bookmarks xmlns="http://www.netbeans.org/ns/editor-bookmarks/2" lastBookmarkId="0"/>
    <open-files xmlns="http://www.netbeans.org/ns/projectui-open-files/2">
        <group>
            <file>file:/D:/Lab211/FeastTraditional/src/controllers/FeastMenuManager.java</file>
            <file>file:/D:/Lab211/FeastTraditional/src/views/TraditionalFeastManagement.java</file>
            <file>file:/D:/Lab211/FeastTraditional/src/models/Customer.java</file>
            <file>file:/D:/Lab211/FeastTraditional/src/models/FeastMenu.java</file>
            <file>file:/D:/Lab211/FeastTraditional/src/utils/Acceptable.java</file>
            <file>file:/D:/Lab211/FeastTraditional/src/controllers/CustomersManager.java</file>
            <file>file:/D:/Lab211/FeastTraditional/src/models/OrderFeast.java</file>
            <file>file:/D:/Lab211/FeastTraditional/src/controllers/OrderManager.java</file>
            <file>file:/D:/Lab211/FeastTraditional/src/controllers/Menu.java</file>
            <file>file:/D:/Lab211/FeastTraditional/src/utils/Utils.java</file>
        </group>
    </open-files>
</project-private>
