<?xml version="1.0" encoding="UTF-8"?>
<project-private xmlns="http://www.netbeans.org/ns/project-private/1">
    <editor-bookmarks xmlns="http://www.netbeans.org/ns/editor-bookmarks/2" lastBookmarkId="0"/>
    <open-files xmlns="http://www.netbeans.org/ns/projectui-open-files/2">
        <group>
            <file>file:/D:/LAB/Lab2/FeastMenu/MenuFeast/src/com/models/Action.java</file>
            <file>file:/D:/LAB/Lab2/FeastMenu/MenuFeast/src/com/controllers/OrdersControllers.java</file>
            <file>file:/D:/LAB/Lab2/FeastMenu/MenuFeast/src/com/models/I_Orders.java</file>
            <file>file:/D:/LAB/Lab2/FeastMenu/MenuFeast/src/com/models/Orders.java</file>
            <file>file:/D:/LAB/Lab2/FeastMenu/MenuFeast/src/com/models/FeastMenu.java</file>
            <file>file:/D:/LAB/Lab2/FeastMenu/MenuFeast/src/com/utils/Utils/Utils.java</file>
            <file>file:/D:/LAB/Lab2/FeastMenu/MenuFeast/src/com/views/CustomerViews.java</file>
            <file>file:/D:/LAB/Lab2/FeastMenu/MenuFeast/src/com/views/OrderViews.java</file>
            <file>file:/D:/LAB/Lab2/FeastMenu/MenuFeast/src/com/controllers/CustomersControllers.java</file>
            <file>file:/D:/LAB/Lab2/FeastMenu/MenuFeast/src/com/models/Customer.java</file>
            <file>file:/D:/LAB/Lab2/FeastMenu/MenuFeast/src/com/views/Main.java</file>
        </group>
    </open-files>
</project-private>
